{"schemaVersion":"1.0","appDefinitionTemplate":{"id":"/providers/Microsoft.PowerApps/apps/","type":"Microsoft.PowerApps/apps","tags":{"primaryDeviceWidth":"1366","primaryDeviceHeight":"768","sienaVersion":"20210318T075014Z-3.21032.36.0","deviceCapabilities":"","supportsPortrait":"false","supportsLandscape":"true","primaryFormFactor":"Tablet","publisherVersion":"3.21032.36","minimumRequiredApiVersion":"2.2.0","hasComponent":"false","hasUnlockedComponent":"false","isUnifiedRootApp":"false"},"properties":{"appVersion":"2021-03-18T07:50:14Z","lifeCycleId":"Published","createdByClientVersion":{"major":3,"minor":21032,"build":36,"revision":0,"majorRevision":0,"minorRevision":0},"minClientVersion":{"major":3,"minor":21032,"build":36,"revision":0,"majorRevision":0,"minorRevision":0},"backgroundColor":"rgba(0, 176, 240, 1)","backgroundImageUri":"/17314404296997973117/N670de71d-1346-4736-afa8-7dac8cd9abc5-logoSmallFile","displayName":"Sign_useCase New","description":"","commitMessage":"","appUris":{"documentUri":{"value":"/17314404296997973117/N15700499-be7e-457a-ae12-7229d1f44535-document.msapp"},"imageUris":[]},"createdTime":"0001-01-01T00:00:00Z","lastModifiedTime":"0001-01-01T00:00:00Z","sharedGroupsCount":0,"sharedUsersCount":0,"icons":{"smallIconUri":"/17314404296997973117/N22d72dd3-ea00-47fb-b249-8b443dd244bc-small.png","mediumIconUri":"/17314404296997973117/Na4f9c362-21a6-4957-88c6-17bb8ab73d8f-medium.png","largeIconUri":"/17314404296997973117/N31f8331a-8305-46af-9f91-abc18cf32a12-large.png","wideIconUri":"/17314404296997973117/N8529ab0b-06ad-4069-b848-7b3037402615-wide.png"},"connectionReferences":{"8e2d29e7-cd25-4e35-a841-7ca459fd2653":{"id":"327c1a5c-566d-41e8-ad34-6bb00a1d1db4","displayName":"SharePoint","iconUri":"https://connectoricons-prod.azureedge.net/releases/v1.0.1451/1.0.1451.2361/sharepointonline/icon.png","dataSources":["SignatureUseCase"],"dependencies":[],"dependents":[],"parameterHints":{},"isOnPremiseConnection":false,"bypassConsent":false,"dataSets":{"https://blitzbot.sharepoint.com/sites/PowerAppsDev":{"dataSources":{"SignatureUseCase":{"tableName":"5012045e-00ac-4e1e-9c6e-d7b5f656b60a"}}}},"apiTier":"Standard","isCustomApiConnection":false},"ba8f64e1-09be-4b38-8b78-ce4a918370c1":{"id":"535e0070-59ea-4268-b574-3a990321e01c","displayName":"Mail","iconUri":"https://connectoricons-prod.azureedge.net/releases/v1.0.1443/1.0.1443.2341/sendmail/icon.png","dataSources":["Mail"],"dependencies":[],"dependents":[],"parameterHints":{},"isOnPremiseConnection":false,"bypassConsent":false,"dataSets":{},"apiTier":"Standard","isCustomApiConnection":false,"actions":["SendEmailV3"]},"006fa3a3-555c-4d0e-8dc7-503dea5adccb":{"id":"d852f22d-93fb-4c91-9e05-ee235439e3cb","displayName":"Office 365 Outlook","iconUri":"https://connectoricons-prod.azureedge.net/releases/v1.0.1450/1.0.1450.2361/office365/icon.png","dataSources":["Office365Outlook"],"dependencies":[],"dependents":[],"parameterHints":{},"isOnPremiseConnection":false,"bypassConsent":false,"dataSets":{},"apiTier":"Standard","isCustomApiConnection":false}},"databaseReferences":{},"almMode":"Environment","performanceOptimizationEnabled":true,"canConsumeAppPass":true,"executionRestrictions":{"isTeamsOnly":false,"dataLossPreventionEvaluationResult":{"status":"Compliant","lastEvaluationDate":"2021-03-17T14:48:46.9242605Z","violationDetails":[]}}},"isAppComponentLibrary":false,"appType":"ClassicCanvasApp","appComponents":[]}}